model,id,shortCircuitRating,inputVoltage,inputPhases,mainBus.material,mainBus.currentRating,loadClassification,manufacturedByRef.targetId,manufacturedByRef.name,manufacturedByRef.targetModelId,installedByRef.targetId,installedByRef.name,installedByRef.targetModelId,commissionedByRef.targetId,commissionedByRef.name,commissionedByRef.targetModelId,ownedByRef.targetId,ownedByRef.name,ownedByRef.targetModelId,serviceProviderRef.targetId,serviceProviderRef.name,serviceProviderRef.targetModelId,serviceResponsibilityRef.targetId,serviceResponsibilityRef.name,serviceResponsibilityRef.targetModelId,geometryViewerID,geometrySpatialReference,geometryExternalID,uniqueID,customTags,externalIds,name,externalID,description,siteID,landId,serialNumber,physicalTagNumber,modelNumber,MACAddress,IPAddress,weight,weightUnit,turnoverDate,maintenanceInterval,installationDate,initialCost,expectedReplacementCost,expectedLife,expectedEndOfLife,commissionDate,Software,comments,alternateClassification.masterFormat,alternateClassification.omniClass,alternateClassification.uniFormat,alternateClassification.uniclass,alternateClassification.projectHaystack,alternateClassification.brickSchema,tags
dtmi:com:willowinc:Busway;1,SGT-1MW-BD-06-A,,,,,,,,,,,,,,,,,,,,,,,,,1c5030ce-0f1e-42ac-a429-fe87a6c3a818,Electrical,,00600000-0000-0000-0000-000000916961,,,Bus Duct BD-06-A,BD-06-A,,SavoT-ffd9-462a-882b-16b4a63b2a8a,,,,,,,,,,,,,,,,,,,,,,,,,
dtmi:com:willowinc:Busway;1,SGT-1MW-BD-07-A,,,,,,,SGT-1MW-BD-06-A,,,,,,,,,,,,,,,,,,61920f83-26a7-4bd9-baa0-2580b94943d8,Electrical,,00600000-0000-0000-0000-000000916962,,,Bus Duct BD-07-A,BD-07-A,,SavoT-ffd9-462a-882b-16b4a63b2a8a,,,,,,,,,,,,,,,,,,,,,,,,,
dtmi:com:willowinc:Busway;1,SGT-1MW-BD-07-B,,,,,,,SGT-1MW-BD-06-A,,,,,,,,,,,,,,,,,,61920f83-26a7-4bd9-baa0-2580b94943db,Electrical,,00600000-0000-0000-0000-000000917024,,,Bus Duct BD-07-B,BD-07-B,,SavoT-ffd9-462a-882b-16b4a63b2a8a,,,,,,,,,,,,,,,,,,,,,,,,,
dtmi:com:willowinc:Busway;1,SGT-1MW-BD-08-A,,,,,,,SGT-1MW-BD-06-A,,,,,,,,,,,,,,,,,,70733eb2-a031-4648-9822-6b240da780ec,Electrical,,00600000-0000-0000-0000-000000916963,,,Bus Duct BD-08-A,BD-08-A,,SavoT-ffd9-462a-882b-16b4a63b2a8a,,,,,,,,,,,,,,,,,,,,,,,,,
dtmi:com:willowinc:Busway;1,SGT-1MW-BD-09-A,,,,,,,SGT-1MW-BD-06-A,,,,,,,,,,,,,,,,,,70733eb2-a031-4648-9822-6b240da78e71,Electrical,,00600000-0000-0000-0000-000000916964,,,Bus Duct BD-09-A,BD-09-A,,SavoT-ffd9-462a-882b-16b4a63b2a8a,,,,,,,,,,,,,,,,,,,,,,,,,
dtmi:com:willowinc:Busway;1,SGT-1MW-BD-10-A,,,,,,,SGT-1MW-BD-06-A,,,,,,,,,,,,,,,,,,70733eb2-a031-4648-9822-6b240da78c06,Electrical,,00600000-0000-0000-0000-000000916965,,,Bus Duct BD-10-A,BD-10-A,,SavoT-ffd9-462a-882b-16b4a63b2a8a,,,,,,,,,,,,,,,,,,,,,,,,,
dtmi:com:willowinc:Busway;1,SGT-1MW-BD-10-B,,,,,,,SGT-1MW-BD-06-A,,,,,,,,,,,,,,,,,,70733eb2-a031-4648-9822-6b240da78c07,Electrical,,00600000-0000-0000-0000-000000917027,,,Bus Duct BD-10-B,BD-10-B,,SavoT-ffd9-462a-882b-16b4a63b2a8a,,,,,,,,,,,,,,,,,,,,,,,,,
dtmi:com:willowinc:Busway;1,SGT-1MW-BD-11-A,,,,,,,SGT-1MW-BD-06-A,,,,,,,,,,,,,,,,,,f90d58eb-26f3-4b9c-a07a-5e875cd817ab,Electrical,,00600000-0000-0000-0000-000000916966,,,Bus Duct BD-11-A,BD-11-A,,SavoT-ffd9-462a-882b-16b4a63b2a8a,,,,,,,,,,,,,,,,,,,,,,,,,
dtmi:com:willowinc:Busway;1,SGT-1MW-BD-11-B,,,,,,,SGT-1MW-BD-06-A,,,,,,,,,,,,,,,,,,f90d58eb-26f3-4b9c-a07a-5e875cd817aa,Electrical,,00600000-0000-0000-0000-000000917028,,,Bus Duct BD-11-B,BD-11-B,,SavoT-ffd9-462a-882b-16b4a63b2a8a,,,,,,,,,,,,,,,,,,,,,,,,,
dtmi:com:willowinc:Busway;1,SGT-1MW-BD-12-A,,,,,,,SGT-1MW-BD-06-A,,,,,,,,,,,,,,,,,,f90d58eb-26f3-4b9c-a07a-5e875cd817de,Electrical,,00600000-0000-0000-0000-000000916967,,,Bus Duct BD-12-A,BD-12-A,,SavoT-ffd9-462a-882b-16b4a63b2a8a,,,,,,,,,,,,,,,,,,,,,,,,,
dtmi:com:willowinc:Busway;1,SGT-1MW-BD-12-B,,,,,,,SGT-1MW-BD-06-A,,,,,,,,,,,,,,,,,,f90d58eb-26f3-4b9c-a07a-5e875cd817dd,Electrical,,00600000-0000-0000-0000-000000917029,,,Bus Duct BD-12-B,BD-12-B,,SavoT-ffd9-462a-882b-16b4a63b2a8a,,,,,,,,,,,,,,,,,,,,,,,,,
dtmi:com:willowinc:Busway;1,SGT-1MW-BD-13-A,,,,,,,SGT-1MW-BD-06-A,,,,,,,,,,,,,,,,,,f90d58eb-26f3-4b9c-a07a-5e875cd817c9,Electrical,,00600000-0000-0000-0000-000000916968,,,Bus Duct BD-13-A,BD-13-A,,SavoT-ffd9-462a-882b-16b4a63b2a8a,,,,,,,,,,,,,,,,,,,,,,,,,
dtmi:com:willowinc:Busway;1,SGT-1MW-BD-13-B,,,,,,,SGT-1MW-BD-06-A,,,,,,,,,,,,,,,,,,f90d58eb-26f3-4b9c-a07a-5e875cd817c8,Electrical,,00600000-0000-0000-0000-000000917030,,,Bus Duct BD-13-B,BD-13-B,,SavoT-ffd9-462a-882b-16b4a63b2a8a,,,,,,,,,,,,,,,,,,,,,,,,,
dtmi:com:willowinc:Busway;1,SGT-1MW-BD-14-A,,,,,,,SGT-1MW-BD-06-A,,,,,,,,,,,,,,,,,,f90d58eb-26f3-4b9c-a07a-5e875cd817f4,Electrical,,00600000-0000-0000-0000-000000916969,,,Bus Duct BD-14-A,BD-14-A,,SavoT-ffd9-462a-882b-16b4a63b2a8a,,,,,,,,,,,,,,,,,,,,,,,,,
dtmi:com:willowinc:Busway;1,SGT-1MW-BD-14-B,,,,,,,SGT-1MW-BD-06-A,,,,,,,,,,,,,,,,,,f90d58eb-26f3-4b9c-a07a-5e875cd817fb,Electrical,,00600000-0000-0000-0000-000000917031,,,Bus Duct BD-14-B,BD-14-B,,SavoT-ffd9-462a-882b-16b4a63b2a8a,,,,,,,,,,,,,,,,,,,,,,,,,
dtmi:com:willowinc:Busway;1,SGT-1MW-BD-15-A,,,,,,,SGT-1MW-BD-06-A,,,,,,,,,,,,,,,,,,f90d58eb-26f3-4b9c-a07a-5e875cd817e7,Electrical,,00600000-0000-0000-0000-000000916970,,,Bus Duct BD-15-A,BD-15-A,,SavoT-ffd9-462a-882b-16b4a63b2a8a,,,,,,,,,,,,,,,,,,,,,,,,,
dtmi:com:willowinc:Busway;1,SGT-1MW-BD-15-B,,,,,,,SGT-1MW-BD-06-A,,,,,,,,,,,,,,,,,,f90d58eb-26f3-4b9c-a07a-5e875cd817e6,Electrical,,00600000-0000-0000-0000-000000917032,,,Bus Duct BD-15-B,BD-15-B,,SavoT-ffd9-462a-882b-16b4a63b2a8a,,,,,,,,,,,,,,,,,,,,,,,,,
dtmi:com:willowinc:Busway;1,SGT-1MW-BD-16-A,,,,,,,SGT-1MW-BD-06-A,,,,,,,,,,,,,,,,,,f90d58eb-26f3-4b9c-a07a-5e875cd81612,Electrical,,00600000-0000-0000-0000-000000916971,,,Bus Duct BD-16-A,BD-16-A,,SavoT-ffd9-462a-882b-16b4a63b2a8a,,,,,,,,,,,,,,,,,,,,,,,,,
dtmi:com:willowinc:Busway;1,SGT-1MW-BD-16-B,,,,,,,SGT-1MW-BD-06-A,,,,,,,,,,,,,,,,,,f90d58eb-26f3-4b9c-a07a-5e875cd81611,Electrical,,00600000-0000-0000-0000-000000917033,,,Bus Duct BD-16-B,BD-16-B,,SavoT-ffd9-462a-882b-16b4a63b2a8a,,,,,,,,,,,,,,,,,,,,,,,,,
dtmi:com:willowinc:Busway;1,SGT-1MW-BD-17-A,,,,,,,SGT-1MW-BD-06-A,,,,,,,,,,,,,,,,,,f90d58eb-26f3-4b9c-a07a-5e875cd81603,Electrical,,00600000-0000-0000-0000-000000916972,,,Bus Duct BD-17-A,BD-17-A,,SavoT-ffd9-462a-882b-16b4a63b2a8a,,,,,,,,,,,,,,,,,,,,,,,,,
dtmi:com:willowinc:Busway;1,SGT-1MW-BD-17-B,,,,,,,SGT-1MW-BD-06-A,,,,,,,,,,,,,,,,,,f90d58eb-26f3-4b9c-a07a-5e875cd81602,Electrical,,00600000-0000-0000-0000-000000917034,,,Bus Duct BD-17-B,BD-17-B,,SavoT-ffd9-462a-882b-16b4a63b2a8a,,,,,,,,,,,,,,,,,,,,,,,,,
dtmi:com:willowinc:Busway;1,SGT-1MW-BD-18-B,,,,,,,SGT-1MW-BD-06-A,,,,,,,,,,,,,,,,,,f90d58eb-26f3-4b9c-a07a-5e875cd8160d,Electrical,,00600000-0000-0000-0000-000000917035,,,Bus Duct BD-18-B,BD-18-B,,SavoT-ffd9-462a-882b-16b4a63b2a8a,,,,,,,,,,,,,,,,,,,,,,,,,
dtmi:com:willowinc:Busway;1,SGT-1MW-BD-19-A,,,,,,,SGT-1MW-BD-06-A,,,,,,,,,,,,,,,,,,f90d58eb-26f3-4b9c-a07a-5e875cd81639,Electrical,,00600000-0000-0000-0000-000000916974,,,Bus Duct BD-19-A,BD-19-A,,SavoT-ffd9-462a-882b-16b4a63b2a8a,,,,,,,,,,,,,,,,,,,,,,,,,
dtmi:com:willowinc:Busway;1,SGT-1MW-BD-20-A,,,,,,,SGT-1MW-BD-06-A,,,,,,,,,,,,,,,,,,f90d58eb-26f3-4b9c-a07a-5e875cd81624,Electrical,,00600000-0000-0000-0000-000000916975,,,Bus Duct BD-20-A,BD-20-A,,SavoT-ffd9-462a-882b-16b4a63b2a8a,,,,,,,,,,,,,,,,,,,,,,,,,
dtmi:com:willowinc:Busway;1,SGT-1MW-BD-21-A,,,,,,,SGT-1MW-BD-06-A,,,,,,,,,,,,,,,,,,f90d58eb-26f3-4b9c-a07a-5e875cd81657,Electrical,,00600000-0000-0000-0000-000000916976,,,Bus Duct BD-21-A,BD-21-A,,SavoT-ffd9-462a-882b-16b4a63b2a8a,,,,,,,,,,,,,,,,,,,,,,,,,
dtmi:com:willowinc:Busway;1,SGT-1MW-BD-21-B,,,,,,,SGT-1MW-BD-06-A,,,,,,,,,,,,,,,,,,f90d58eb-26f3-4b9c-a07a-5e875cd81656,Electrical,,00600000-0000-0000-0000-000000917038,,,Bus Duct BD-21-B,BD-21-B,,SavoT-ffd9-462a-882b-16b4a63b2a8a,,,,,,,,,,,,,,,,,,,,,,,,,
dtmi:com:willowinc:Busway;1,SGT-1MW-BD-22-A,,,,,,,SGT-1MW-BD-06-A,,,,,,,,,,,,,,,,,,f90d58eb-26f3-4b9c-a07a-5e875cd81642,Electrical,,00600000-0000-0000-0000-000000916977,,,Bus Duct BD-22-A,BD-22-A,,SavoT-ffd9-462a-882b-16b4a63b2a8a,,,,,,,,,,,,,,,,,,,,,,,,,
dtmi:com:willowinc:Busway;1,SGT-1MW-BD-22-B,,,,,,,SGT-1MW-BD-06-A,,,,,,,,,,,,,,,,,,f90d58eb-26f3-4b9c-a07a-5e875cd81641,Electrical,,00600000-0000-0000-0000-000000917039,,,Bus Duct BD-22-B,BD-22-B,,SavoT-ffd9-462a-882b-16b4a63b2a8a,,,,,,,,,,,,,,,,,,,,,,,,,
dtmi:com:willowinc:Busway;1,SGT-1MW-BD-23-A,,,,,,,SGT-1MW-BD-06-A,,,,,,,,,,,,,,,,,,f90d58eb-26f3-4b9c-a07a-5e875cd8164d,Electrical,,00600000-0000-0000-0000-000000916978,,,Bus Duct BD-23-A,BD-23-A,,SavoT-ffd9-462a-882b-16b4a63b2a8a,,,,,,,,,,,,,,,,,,,,,,,,,
dtmi:com:willowinc:Busway;1,SGT-1MW-BD-23-B,,,,,,,SGT-1MW-BD-06-A,,,,,,,,,,,,,,,,,,f90d58eb-26f3-4b9c-a07a-5e875cd8164c,Electrical,,00600000-0000-0000-0000-000000917040,,,Bus Duct BD-23-B,BD-23-B,,SavoT-ffd9-462a-882b-16b4a63b2a8a,,,,,,,,,,,,,,,,,,,,,,,,,
dtmi:com:willowinc:Busway;1,SGT-1MW-BD-25-A,,,,,,,SGT-1MW-BD-06-A,,,,,,,,,,,,,,,,,,f90d58eb-26f3-4b9c-a07a-5e875cd8166b,Electrical,,00600000-0000-0000-0000-000000916980,,,Bus Duct BD-25-A,BD-25-A,,SavoT-ffd9-462a-882b-16b4a63b2a8a,,,,,,,,,,,,,,,,,,,,,,,,,
dtmi:com:willowinc:Busway;1,SGT-1MW-BD-25-B,,,,,,,SGT-1MW-BD-06-A,,,,,,,,,,,,,,,,,,f90d58eb-26f3-4b9c-a07a-5e875cd8166a,Electrical,,00600000-0000-0000-0000-000000917042,,,Bus Duct BD-25-B,BD-25-B,,SavoT-ffd9-462a-882b-16b4a63b2a8a,,,,,,,,,,,,,,,,,,,,,,,,,
dtmi:com:willowinc:Busway;1,SGT-1MW-BD-26-A,,,,,,,SGT-1MW-BD-06-A,,,,,,,,,,,,,,,,,,f90d58eb-26f3-4b9c-a07a-5e875cd81696,Electrical,,00600000-0000-0000-0000-000000916981,,,Bus Duct BD-26-A,BD-26-A,,SavoT-ffd9-462a-882b-16b4a63b2a8a,,,,,,,,,,,,,,,,,,,,,,,,,
dtmi:com:willowinc:Busway;1,SGT-1MW-BD-26-B,,,,,,,SGT-1MW-BD-06-A,,,,,,,,,,,,,,,,,,f90d58eb-26f3-4b9c-a07a-5e875cd81695,Electrical,,00600000-0000-0000-0000-000000917043,,,Bus Duct BD-26-B,BD-26-B,,SavoT-ffd9-462a-882b-16b4a63b2a8a,,,,,,,,,,,,,,,,,,,,,,,,,
dtmi:com:willowinc:Busway;1,SGT-1MW-BD-27-A,,,,,,,SGT-1MW-BD-06-A,,,,,,,,,,,,,,,,,,f90d58eb-26f3-4b9c-a07a-5e875cd81681,Electrical,,00600000-0000-0000-0000-000000916982,,,Bus Duct BD-27-A,BD-27-A,,SavoT-ffd9-462a-882b-16b4a63b2a8a,,,,,,,,,,,,,,,,,,,,,,,,,
dtmi:com:willowinc:Busway;1,SGT-1MW-BD-27-B,,,,,,,SGT-1MW-BD-06-A,,,,,,,,,,,,,,,,,,f90d58eb-26f3-4b9c-a07a-5e875cd81680,Electrical,,00600000-0000-0000-0000-000000917044,,,Bus Duct BD-27-B,BD-27-B,,SavoT-ffd9-462a-882b-16b4a63b2a8a,,,,,,,,,,,,,,,,,,,,,,,,,
dtmi:com:willowinc:Busway;1,SGT-1MW-BD-28-A,,,,,,,SGT-1MW-BD-06-A,,,,,,,,,,,,,,,,,,f90d58eb-26f3-4b9c-a07a-5e875cd816ca,Electrical,,00600000-0000-0000-0000-000000916983,,,Bus Duct BD-28-A,BD-28-A,,SavoT-ffd9-462a-882b-16b4a63b2a8a,,,,,,,,,,,,,,,,,,,,,,,,,
dtmi:com:willowinc:Busway;1,SGT-1MW-BD-29-B,,,,,,,SGT-1MW-BD-06-A,,,,,,,,,,,,,,,,,,f90d58eb-26f3-4b9c-a07a-5e875cd816f4,Electrical,,00600000-0000-0000-0000-000000917046,,,Bus Duct BD-29-B,BD-29-B,,SavoT-ffd9-462a-882b-16b4a63b2a8a,,,,,,,,,,,,,,,,,,,,,,,,,
dtmi:com:willowinc:Busway;1,SGT-1MW-BD-30-A,,,,,,,SGT-1MW-BD-06-A,,,,,,,,,,,,,,,,,,ec6ae11b-fcc6-40c5-b9bc-bddfc9b20314,Electrical,,00600000-0000-0000-0000-000000916985,,,Bus Duct BD-30-A,BD-30-A,,SavoT-ffd9-462a-882b-16b4a63b2a8a,,,,,,,,,,,,,,,,,,,,,,,,,
dtmi:com:willowinc:Busway;1,SGT-1MW-BD-30-B,,,,,,,SGT-1MW-BD-06-A,,,,,,,,,,,,,,,,,,ec6ae11b-fcc6-40c5-b9bc-bddfc9b20348,Electrical,,00600000-0000-0000-0000-000000917047,,,Bus Duct BD-30-B,BD-30-B,,SavoT-ffd9-462a-882b-16b4a63b2a8a,,,,,,,,,,,,,,,,,,,,,,,,,
dtmi:com:willowinc:Busway;1,SGT-1MW-BD-31-A,,,,,,,SGT-1MW-BD-06-A,,,,,,,,,,,,,,,,,,fc85ed66-2d67-469a-b891-60147036b92d,Electrical,,00600000-0000-0000-0000-000000916986,,,Bus Duct BD-31-A,BD-31-A,,SavoT-ffd9-462a-882b-16b4a63b2a8a,,,,,,,,,,,,,,,,,,,,,,,,,
dtmi:com:willowinc:Busway;1,SGT-1MW-BD-32-B,,,,,,,SGT-1MW-BD-06-A,,,,,,,,,,,,,,,,,,fc85ed66-2d67-469a-b891-60147036b978,Electrical,,00600000-0000-0000-0000-000000917049,,,Bus Duct BD-32-B,BD-32-B,,SavoT-ffd9-462a-882b-16b4a63b2a8a,,,,,,,,,,,,,,,,,,,,,,,,,
dtmi:com:willowinc:Busway;1,SGT-1MW-BD-33-B,,,,,,,SGT-1MW-BD-06-A,,,,,,,,,,,,,,,,,,fc85ed66-2d67-469a-b891-60147036b89a,Electrical,,00600000-0000-0000-0000-000000917050,,,Bus Duct BD-33-B,BD-33-B,,SavoT-ffd9-462a-882b-16b4a63b2a8a,,,,,,,,,,,,,,,,,,,,,,,,,
dtmi:com:willowinc:Busway;1,SGT-1MW-BD-34-A,,,,,,,SGT-1MW-BD-06-A,,,,,,,,,,,,,,,,,,fc85ed66-2d67-469a-b891-60147036b8b5,Electrical,,00600000-0000-0000-0000-000000916989,,,Bus Duct BD-34-A,BD-34-A,,SavoT-ffd9-462a-882b-16b4a63b2a8a,,,,,,,,,,,,,,,,,,,,,,,,,
dtmi:com:willowinc:Busway;1,SGT-1MW-BD-34-B,,,,,,,SGT-1MW-BD-06-A,,,,,,,,,,,,,,,,,,fc85ed66-2d67-469a-b891-60147036b8b4,Electrical,,00600000-0000-0000-0000-000000917051,,,Bus Duct BD-34-B,BD-34-B,,SavoT-ffd9-462a-882b-16b4a63b2a8a,,,,,,,,,,,,,,,,,,,,,,,,,
dtmi:com:willowinc:Busway;1,SGT-1MW-BD-35-A,,,,,,,SGT-1MW-BD-06-A,,,,,,,,,,,,,,,,,,fc85ed66-2d67-469a-b891-60147036b8d5,Electrical,,00600000-0000-0000-0000-000000916990,,,Bus Duct BD-35-A,BD-35-A,,SavoT-ffd9-462a-882b-16b4a63b2a8a,,,,,,,,,,,,,,,,,,,,,,,,,
dtmi:com:willowinc:Busway;1,SGT-1MW-BD-35-B,,,,,,,SGT-1MW-BD-06-A,,,,,,,,,,,,,,,,,,fc85ed66-2d67-469a-b891-60147036b8d4,Electrical,,00600000-0000-0000-0000-000000917052,,,Bus Duct BD-35-B,BD-35-B,,SavoT-ffd9-462a-882b-16b4a63b2a8a,,,,,,,,,,,,,,,,,,,,,,,,,
dtmi:com:willowinc:Busway;1,SGT-1MW-BD-36-B,,,,,,,SGT-1MW-BD-06-A,,,,,,,,,,,,,,,,,,fc85ed66-2d67-469a-b891-60147036b8f4,Electrical,,00600000-0000-0000-0000-000000917053,,,Bus Duct BD-36-B,BD-36-B,,SavoT-ffd9-462a-882b-16b4a63b2a8a,,,,,,,,,,,,,,,,,,,,,,,,,
dtmi:com:willowinc:Busway;1,SGT-1MW-BD-37-A,,,,,,,SGT-1MW-BD-06-A,,,,,,,,,,,,,,,,,,fc85ed66-2d67-469a-b891-60147036b815,Electrical,,00600000-0000-0000-0000-000000916992,,,Bus Duct BD-37-A,BD-37-A,,SavoT-ffd9-462a-882b-16b4a63b2a8a,,,,,,,,,,,,,,,,,,,,,,,,,
dtmi:com:willowinc:Busway;1,SGT-1MW-BD-39-A,,,,,,,SGT-1MW-BD-06-A,,,,,,,,,,,,,,,,,,fc85ed66-2d67-469a-b891-60147036b857,Electrical,,00600000-0000-0000-0000-000000916994,,,Bus Duct BD-39-A,BD-39-A,,SavoT-ffd9-462a-882b-16b4a63b2a8a,,,,,,,,,,,,,,,,,,,,,,,,,
dtmi:com:willowinc:Busway;1,SGT-1MW-BD-39-B,,,,,,,SGT-1MW-BD-06-A,,,,,,,,,,,,,,,,,,fc85ed66-2d67-469a-b891-60147036b856,Electrical,,00600000-0000-0000-0000-000000917056,,,Bus Duct BD-39-B,BD-39-B,,SavoT-ffd9-462a-882b-16b4a63b2a8a,,,,,,,,,,,,,,,,,,,,,,,,,
dtmi:com:willowinc:Busway;1,SGT-1MW-BD-40-A,,,,,,,SGT-1MW-BD-06-A,,,,,,,,,,,,,,,,,,fc85ed66-2d67-469a-b891-60147036b877,Electrical,,00600000-0000-0000-0000-000000916995,,,Bus Duct BD-40-A,BD-40-A,,SavoT-ffd9-462a-882b-16b4a63b2a8a,,,,,,,,,,,,,,,,,,,,,,,,,
dtmi:com:willowinc:Busway;1,SGT-1MW-BD-41-A,,,,,,,SGT-1MW-BD-06-A,,,,,,,,,,,,,,,,,,fc85ed66-2d67-469a-b891-60147036bb97,Electrical,,00600000-0000-0000-0000-000000916996,,,Bus Duct BD-41-A,BD-41-A,,SavoT-ffd9-462a-882b-16b4a63b2a8a,,,,,,,,,,,,,,,,,,,,,,,,,
dtmi:com:willowinc:Busway;1,SGT-1MW-BD-42-A,,,,,,,SGT-1MW-BD-06-A,,,,,,,,,,,,,,,,,,6d8f31d2-ca01-453b-b2db-1058d4a45d5b,Electrical,,00600000-0000-0000-0000-000000916997,,,Bus Duct BD-42-A,BD-42-A,,SavoT-ffd9-462a-882b-16b4a63b2a8a,,,,,,,,,,,,,,,,,,,,,,,,,
dtmi:com:willowinc:Busway;1,SGT-1MW-BD-42-B,,,,,,,SGT-1MW-BD-06-A,,,,,,,,,,,,,,,,,,6d8f31d2-ca01-453b-b2db-1058d4a45d58,Electrical,,00600000-0000-0000-0000-000000917059,,,Bus Duct BD-42-B,BD-42-B,,SavoT-ffd9-462a-882b-16b4a63b2a8a,,,,,,,,,,,,,,,,,,,,,,,,,
dtmi:com:willowinc:Busway;1,SGT-1MW-BD-43-A,,,,,,,SGT-1MW-BD-06-A,,,,,,,,,,,,,,,,,,fc85ed66-2d67-469a-b891-60147036a55e,Electrical,,00600000-0000-0000-0000-000000916998,,,Bus Duct BD-43-A,BD-43-A,,SavoT-ffd9-462a-882b-16b4a63b2a8a,,,,,,,,,,,,,,,,,,,,,,,,,
dtmi:com:willowinc:Busway;1,SGT-1MW-BD-43-B,,,,,,,SGT-1MW-BD-06-A,,,,,,,,,,,,,,,,,,fc85ed66-2d67-469a-b891-60147036a559,Electrical,,00600000-0000-0000-0000-000000917060,,,Bus Duct BD-43-B,BD-43-B,,SavoT-ffd9-462a-882b-16b4a63b2a8a,,,,,,,,,,,,,,,,,,,,,,,,,
dtmi:com:willowinc:Busway;1,SGT-1MW-BD-44-A,,,,,,,SGT-1MW-BD-06-A,,,,,,,,,,,,,,,,,,fc85ed66-2d67-469a-b891-60147036a578,Electrical,,00600000-0000-0000-0000-000000916999,,,Bus Duct BD-44-A,BD-44-A,,SavoT-ffd9-462a-882b-16b4a63b2a8a,,,,,,,,,,,,,,,,,,,,,,,,,
dtmi:com:willowinc:Busway;1,SGT-1MW-BD-44-B,,,,,,,SGT-1MW-BD-06-A,,,,,,,,,,,,,,,,,,fc85ed66-2d67-469a-b891-60147036a57b,Electrical,,00600000-0000-0000-0000-000000917061,,,Bus Duct BD-44-B,BD-44-B,,SavoT-ffd9-462a-882b-16b4a63b2a8a,,,,,,,,,,,,,,,,,,,,,,,,,
dtmi:com:willowinc:Busway;1,SGT-1MW-BD-45-A,,,,,,,SGT-1MW-BD-06-A,,,,,,,,,,,,,,,,,,fc85ed66-2d67-469a-b891-60147036a49a,Electrical,,00600000-0000-0000-0000-000000917000,,,Bus Duct BD-45-A,BD-45-A,,SavoT-ffd9-462a-882b-16b4a63b2a8a,,,,,,,,,,,,,,,,,,,,,,,,,
dtmi:com:willowinc:Busway;1,SGT-1MW-BD-45-B,,,,,,,SGT-1MW-BD-06-A,,,,,,,,,,,,,,,,,,fc85ed66-2d67-469a-b891-60147036a495,Electrical,,00600000-0000-0000-0000-000000917062,,,Bus Duct BD-45-B,BD-45-B,,SavoT-ffd9-462a-882b-16b4a63b2a8a,,,,,,,,,,,,,,,,,,,,,,,,,
dtmi:com:willowinc:Busway;1,SGT-1MW-BD-46-A,,,,,,,SGT-1MW-BD-06-A,,,,,,,,,,,,,,,,,,fc85ed66-2d67-469a-b891-60147036a4ba,Electrical,,00600000-0000-0000-0000-000000917001,,,Bus Duct BD-46-A,BD-46-A,,SavoT-ffd9-462a-882b-16b4a63b2a8a,,,,,,,,,,,,,,,,,,,,,,,,,
dtmi:com:willowinc:Busway;1,SGT-1MW-BD-46-B,,,,,,,SGT-1MW-BD-06-A,,,,,,,,,,,,,,,,,,fc85ed66-2d67-469a-b891-60147036a4b5,Electrical,,00600000-0000-0000-0000-000000917063,,,Bus Duct BD-46-B,BD-46-B,,SavoT-ffd9-462a-882b-16b4a63b2a8a,,,,,,,,,,,,,,,,,,,,,,,,,
dtmi:com:willowinc:Busway;1,SGT-1MW-BD-47-A,,,,,,,SGT-1MW-BD-06-A,,,,,,,,,,,,,,,,,,fc85ed66-2d67-469a-b891-60147036a4da,Electrical,,00600000-0000-0000-0000-000000917002,,,Bus Duct BD-47-A,BD-47-A,,SavoT-ffd9-462a-882b-16b4a63b2a8a,,,,,,,,,,,,,,,,,,,,,,,,,
dtmi:com:willowinc:Busway;1,SGT-1MW-BD-47-B,,,,,,,SGT-1MW-BD-06-A,,,,,,,,,,,,,,,,,,fc85ed66-2d67-469a-b891-60147036a4d5,Electrical,,00600000-0000-0000-0000-000000917064,,,Bus Duct BD-47-B,BD-47-B,,SavoT-ffd9-462a-882b-16b4a63b2a8a,,,,,,,,,,,,,,,,,,,,,,,,,
dtmi:com:willowinc:Busway;1,SGT-1MW-BD-48-A,,,,,,,SGT-1MW-BD-06-A,,,,,,,,,,,,,,,,,,fc85ed66-2d67-469a-b891-60147036a4f4,Electrical,,00600000-0000-0000-0000-000000917003,,,Bus Duct BD-48-A,BD-48-A,,SavoT-ffd9-462a-882b-16b4a63b2a8a,,,,,,,,,,,,,,,,,,,,,,,,,
dtmi:com:willowinc:Busway;1,SGT-1MW-BD-48-B,,,,,,,SGT-1MW-BD-06-A,,,,,,,,,,,,,,,,,,fc85ed66-2d67-469a-b891-60147036a4f7,Electrical,,00600000-0000-0000-0000-000000917065,,,Bus Duct BD-48-B,BD-48-B,,SavoT-ffd9-462a-882b-16b4a63b2a8a,,,,,,,,,,,,,,,,,,,,,,,,,
dtmi:com:willowinc:Busway;1,SGT-1MW-BD-49-A,,,,,,,SGT-1MW-BD-06-A,,,,,,,,,,,,,,,,,,fc85ed66-2d67-469a-b891-60147036a416,Electrical,,00600000-0000-0000-0000-000000917004,,,Bus Duct BD-49-A,BD-49-A,,SavoT-ffd9-462a-882b-16b4a63b2a8a,,,,,,,,,,,,,,,,,,,,,,,,,
dtmi:com:willowinc:Busway;1,SGT-1MW-BD-50-A,,,,,,,SGT-1MW-BD-06-A,,,,,,,,,,,,,,,,,,fc85ed66-2d67-469a-b891-60147036a436,Electrical,,00600000-0000-0000-0000-000000917005,,,Bus Duct BD-50-A,BD-50-A,,SavoT-ffd9-462a-882b-16b4a63b2a8a,,,,,,,,,,,,,,,,,,,,,,,,,
dtmi:com:willowinc:Busway;1,SGT-1MW-BD-51-A,,,,,,,SGT-1MW-BD-06-A,,,,,,,,,,,,,,,,,,fc85ed66-2d67-469a-b891-60147036a456,Electrical,,00600000-0000-0000-0000-000000917006,,,Bus Duct BD-51-A,BD-51-A,,SavoT-ffd9-462a-882b-16b4a63b2a8a,,,,,,,,,,,,,,,,,,,,,,,,,
dtmi:com:willowinc:Busway;1,SGT-1MW-BD-51-B,,,,,,,SGT-1MW-BD-06-A,,,,,,,,,,,,,,,,,,fc85ed66-2d67-469a-b891-60147036a451,Electrical,,00600000-0000-0000-0000-000000917068,,,Bus Duct BD-51-B,BD-51-B,,SavoT-ffd9-462a-882b-16b4a63b2a8a,,,,,,,,,,,,,,,,,,,,,,,,,
dtmi:com:willowinc:Busway;1,SGT-1MW-BD-52-B,,,,,,,SGT-1MW-BD-06-A,,,,,,,,,,,,,,,,,,fc85ed66-2d67-469a-b891-60147036a471,Electrical,,00600000-0000-0000-0000-000000917069,,,Bus Duct BD-52-B,BD-52-B,,SavoT-ffd9-462a-882b-16b4a63b2a8a,,,,,,,,,,,,,,,,,,,,,,,,,
dtmi:com:willowinc:Busway;1,SGT-1MW-BD-53-B,,,,,,,SGT-1MW-BD-06-A,,,,,,,,,,,,,,,,,,fc85ed66-2d67-469a-b891-60147036a791,Electrical,,00600000-0000-0000-0000-000000917070,,,Bus Duct BD-53-B,BD-53-B,,SavoT-ffd9-462a-882b-16b4a63b2a8a,,,,,,,,,,,,,,,,,,,,,,,,,
dtmi:com:willowinc:Busway;1,SGT-1MW-BD-54-A,,,,,,,SGT-1MW-BD-06-A,,,,,,,,,,,,,,,,,,fc85ed66-2d67-469a-b891-60147036a7b6,Electrical,,00600000-0000-0000-0000-000000917009,,,Bus Duct BD-54-A,BD-54-A,,SavoT-ffd9-462a-882b-16b4a63b2a8a,,,,,,,,,,,,,,,,,,,,,,,,,
dtmi:com:willowinc:Busway;1,SGT-1MW-BD-54-B,,,,,,,SGT-1MW-BD-06-A,,,,,,,,,,,,,,,,,,fc85ed66-2d67-469a-b891-60147036a7b1,Electrical,,00600000-0000-0000-0000-000000917071,,,Bus Duct BD-54-B,BD-54-B,,SavoT-ffd9-462a-882b-16b4a63b2a8a,,,,,,,,,,,,,,,,,,,,,,,,,
dtmi:com:willowinc:Busway;1,SGT-1MW-BD-55-A,,,,,,,SGT-1MW-BD-06-A,,,,,,,,,,,,,,,,,,8d3fe36e-70c8-478e-ad6f-3b8a26db7c2d,Electrical,,00600000-0000-0000-0000-000000917010,,,Bus Duct BD-55-A,BD-55-A,,SavoT-ffd9-462a-882b-16b4a63b2a8a,,,,,,,,,,,,,,,,,,,,,,,,,
dtmi:com:willowinc:Busway;1,SGT-1MW-BD-55-B,,,,,,,SGT-1MW-BD-06-A,,,,,,,,,,,,,,,,,,8d3fe36e-70c8-478e-ad6f-3b8a26db7c2e,Electrical,,00600000-0000-0000-0000-000000917072,,,Bus Duct BD-55-B,BD-55-B,,SavoT-ffd9-462a-882b-16b4a63b2a8a,,,,,,,,,,,,,,,,,,,,,,,,,
dtmi:com:willowinc:Busway;1,SGT-1MW-BD-56-A,,,,,,,SGT-1MW-BD-06-A,,,,,,,,,,,,,,,,,,8d3fe36e-70c8-478e-ad6f-3b8a26db036c,Electrical,,00600000-0000-0000-0000-000000917011,,,Bus Duct BD-56-A,BD-56-A,,SavoT-ffd9-462a-882b-16b4a63b2a8a,,,,,,,,,,,,,,,,,,,,,,,,,
dtmi:com:willowinc:Busway;1,SGT-1MW-BD-57-A,,,,,,,SGT-1MW-BD-06-A,,,,,,,,,,,,,,,,,,4c45c946-f638-4062-aa4e-649f36987dc1,Electrical,,00600000-0000-0000-0000-000000917012,,,Bus Duct BD-57-A,BD-57-A,,SavoT-ffd9-462a-882b-16b4a63b2a8a,,,,,,,,,,,,,,,,,,,,,,,,,
dtmi:com:willowinc:Busway;1,SGT-1MW-BD-57-B,,,,,,,SGT-1MW-BD-06-A,,,,,,,,,,,,,,,,,,4c45c946-f638-4062-aa4e-649f36987dc0,Electrical,,00600000-0000-0000-0000-000000917074,,,Bus Duct BD-57-B,BD-57-B,,SavoT-ffd9-462a-882b-16b4a63b2a8a,,,,,,,,,,,,,,,,,,,,,,,,,
dtmi:com:willowinc:Busway;1,SGT-1MW-BD-58-A,,,,,,,SGT-1MW-BD-06-A,,,,,,,,,,,,,,,,,,4c45c946-f638-4062-aa4e-649f36987335,Electrical,,00600000-0000-0000-0000-000000917013,,,Bus Duct BD-58-A,BD-58-A,,SavoT-ffd9-462a-882b-16b4a63b2a8a,,,,,,,,,,,,,,,,,,,,,,,,,
dtmi:com:willowinc:Busway;1,SGT-1MW-BD-58-B,,,,,,,SGT-1MW-BD-06-A,,,,,,,,,,,,,,,,,,4c45c946-f638-4062-aa4e-649f36987334,Electrical,,00600000-0000-0000-0000-000000917075,,,Bus Duct BD-58-B,BD-58-B,,SavoT-ffd9-462a-882b-16b4a63b2a8a,,,,,,,,,,,,,,,,,,,,,,,,,
dtmi:com:willowinc:Busway;1,SGT-1MW-BD-59-A,,,,,,,SGT-1MW-BD-06-A,,,,,,,,,,,,,,,,,,4c45c946-f638-4062-aa4e-649f369872a9,Electrical,,00600000-0000-0000-0000-000000917014,,,Bus Duct BD-59-A,BD-59-A,,SavoT-ffd9-462a-882b-16b4a63b2a8a,,,,,,,,,,,,,,,,,,,,,,,,,
dtmi:com:willowinc:Busway;1,SGT-1MW-BD-60-A,,,,,,,SGT-1MW-BD-06-A,,,,,,,,,,,,,,,,,,4c45c946-f638-4062-aa4e-649f3698701d,Electrical,,00600000-0000-0000-0000-000000917015,,,Bus Duct BD-60-A,BD-60-A,,SavoT-ffd9-462a-882b-16b4a63b2a8a,,,,,,,,,,,,,,,,,,,,,,,,,
dtmi:com:willowinc:Busway;1,SGT-1MW-BD-60-B,,,,,,,SGT-1MW-BD-06-A,,,,,,,,,,,,,,,,,,4c45c946-f638-4062-aa4e-649f3698701c,Electrical,,00600000-0000-0000-0000-000000917077,,,Bus Duct BD-60-B,BD-60-B,,SavoT-ffd9-462a-882b-16b4a63b2a8a,,,,,,,,,,,,,,,,,,,,,,,,,
dtmi:com:willowinc:Busway;1,SGT-1MW-BD-61-A,,,,,,,SGT-1MW-BD-06-A,,,,,,,,,,,,,,,,,,0c56eaba-91c8-491c-ad41-f65833512462,Electrical,,00600000-0000-0000-0000-000000917016,,,Bus Duct BD-61-A,BD-61-A,,SavoT-ffd9-462a-882b-16b4a63b2a8a,,,,,,,,,,,,,,,,,,,,,,,,,
dtmi:com:willowinc:Busway;1,SGT-1MW-BD-62-A,,,,,,,SGT-1MW-BD-06-A,,,,,,,,,,,,,,,,,,e654b326-95be-44ff-a5f3-508c9f7814cb,Electrical,,00600000-0000-0000-0000-000000917017,,,Bus Duct BD-62-A,BD-62-A,,SavoT-ffd9-462a-882b-16b4a63b2a8a,,,,,,,,,,,,,,,,,,,,,,,,,
dtmi:com:willowinc:Busway;1,SGT-1MW-BD-62-B,,,,,,,SGT-1MW-BD-06-A,,,,,,,,,,,,,,,,,,e654b326-95be-44ff-a5f3-508c9f7814c8,Electrical,,00600000-0000-0000-0000-000000917079,,,Bus Duct BD-62-B,BD-62-B,,SavoT-ffd9-462a-882b-16b4a63b2a8a,,,,,,,,,,,,,,,,,,,,,,,,,
dtmi:com:willowinc:Busway;1,SGT-1MW-BD-64-A,,,,,,,SGT-1MW-BD-06-A,,,,,,,,,,,,,,,,,,0c56eaba-91c8-491c-ad41-f6583351190d,Electrical,,00600000-0000-0000-0000-000000917019,,,Bus Duct BD-64-A,BD-64-A,,SavoT-ffd9-462a-882b-16b4a63b2a8a,,,,,,,,,,,,,,,,,,,,,,,,,
dtmi:com:willowinc:Busway;1,SGT-1MW-BD-65-A,,,,,,,SGT-1MW-BD-06-A,,,,,,,,,,,,,,,,,,0c56eaba-91c8-491c-ad41-f65833511e9e,Electrical,,00600000-0000-0000-0000-000000917020,,,Bus Duct BD-65-A,BD-65-A,,SavoT-ffd9-462a-882b-16b4a63b2a8a,,,,,,,,,,,,,,,,,,,,,,,,,
dtmi:com:willowinc:Busway;1,SGT-1MW-BD-65-B,,,,,,,SGT-1MW-BD-06-A,,,,,,,,,,,,,,,,,,0c56eaba-91c8-491c-ad41-f65833511e9d,Electrical,,00600000-0000-0000-0000-000000917082,,,Bus Duct BD-65-B,BD-65-B,,SavoT-ffd9-462a-882b-16b4a63b2a8a,,,,,,,,,,,,,,,,,,,,,,,,,
dtmi:com:willowinc:Busway;1,SGT-1MW-BD-66-A,,,,,,,SGT-1MW-BD-06-A,,,,,,,,,,,,,,,,,,0c56eaba-91c8-491c-ad41-f65833511c2f,Electrical,,00600000-0000-0000-0000-000000917021,,,Bus Duct BD-66-A,BD-66-A,,SavoT-ffd9-462a-882b-16b4a63b2a8a,,,,,,,,,,,,,,,,,,,,,,,,,
dtmi:com:willowinc:Busway;1,SGT-1MW-BD-67-B,,,,,,,SGT-1MW-BD-06-A,,,,,,,,,,,,,,,,,,0c56eaba-91c8-491c-ad41-f65833511dbf,Electrical,,00600000-0000-0000-0000-000000917084,,,Bus Duct BD-67-B,BD-67-B,,SavoT-ffd9-462a-882b-16b4a63b2a8a,,,,,,,,,,,,,,,,,,,,,,,,,
dtmi:com:willowinc:Busway;1,SGT-1MW-BP-06-A,,,,,,,SGT-1MW-BD-06-A,,,,,,,,,,,,,,,,,,1c5030ce-0f1e-42ac-a429-fe87a6c3ae98,Electrical,,00600000-0000-0000-0000-000000917085,,,Bus Plug BP-06-A,BP-06-A,,SavoT-ffd9-462a-882b-16b4a63b2a8a,,,,,,,,,,,,,,,,,,,,,,,,,
dtmi:com:willowinc:Busway;1,SGT-1MW-BP-06-B,,,,,,,SGT-1MW-BD-06-A,,,,,,,,,,,,,,,,,,1c5030ce-0f1e-42ac-a429-fe87a6c3ae99,Electrical,,00600000-0000-0000-0000-000000917148,,,Bus Plug BP-06-B,BP-06-B,,SavoT-ffd9-462a-882b-16b4a63b2a8a,,,,,,,,,,,,,,,,,,,,,,,,,
dtmi:com:willowinc:Busway;1,SGT-1MW-BP-08-A,,,,,,,SGT-1MW-BD-06-A,,,,,,,,,,,,,,,,,,70733eb2-a031-4648-9822-6b240da780ee,Electrical,,00600000-0000-0000-0000-000000917087,,,Bus Plug BP-08-A,BP-08-A,,SavoT-ffd9-462a-882b-16b4a63b2a8a,,,,,,,,,,,,,,,,,,,,,,,,,
dtmi:com:willowinc:Busway;1,SGT-1MW-BP-08-B,,,,,,,SGT-1MW-BD-06-A,,,,,,,,,,,,,,,,,,70733eb2-a031-4648-9822-6b240da780ef,Electrical,,00600000-0000-0000-0000-000000917150,,,Bus Plug BP-08-B,BP-08-B,,SavoT-ffd9-462a-882b-16b4a63b2a8a,,,,,,,,,,,,,,,,,,,,,,,,,
dtmi:com:willowinc:Busway;1,SGT-1MW-BP-09-A,,,,,,,SGT-1MW-BD-06-A,,,,,,,,,,,,,,,,,,70733eb2-a031-4648-9822-6b240da78e73,Electrical,,00600000-0000-0000-0000-000000917088,,,Bus Plug BP-09-A,BP-09-A,,SavoT-ffd9-462a-882b-16b4a63b2a8a,,,,,,,,,,,,,,,,,,,,,,,,,
dtmi:com:willowinc:Busway;1,SGT-1MW-BP-09-B,,,,,,,SGT-1MW-BD-06-A,,,,,,,,,,,,,,,,,,70733eb2-a031-4648-9822-6b240da78e74,Electrical,,00600000-0000-0000-0000-000000917151,,,Bus Plug BP-09-B,BP-09-B,,SavoT-ffd9-462a-882b-16b4a63b2a8a,,,,,,,,,,,,,,,,,,,,,,,,,
dtmi:com:willowinc:Busway;1,SGT-1MW-BP-10-A,,,,,,,SGT-1MW-BD-06-A,,,,,,,,,,,,,,,,,,70733eb2-a031-4648-9822-6b240da78c78,Electrical,,00600000-0000-0000-0000-000000917089,,,Bus Plug BP-10-A,BP-10-A,,SavoT-ffd9-462a-882b-16b4a63b2a8a,,,,,,,,,,,,,,,,,,,,,,,,,
dtmi:com:willowinc:Busway;1,SGT-1MW-BP-10-B,,,,,,,SGT-1MW-BD-06-A,,,,,,,,,,,,,,,,,,70733eb2-a031-4648-9822-6b240da78c79,Electrical,,00600000-0000-0000-0000-000000917152,,,Bus Plug BP-10-B,BP-10-B,,SavoT-ffd9-462a-882b-16b4a63b2a8a,,,,,,,,,,,,,,,,,,,,,,,,,
dtmi:com:willowinc:Busway;1,SGT-1MW-BP-12-B,,,,,,,SGT-1MW-BD-06-A,,,,,,,,,,,,,,,,,,f90d58eb-26f3-4b9c-a07a-5e875cd817c3,Electrical,,00600000-0000-0000-0000-000000917154,,,Bus Plug BP-12-B,BP-12-B,,SavoT-ffd9-462a-882b-16b4a63b2a8a,,,,,,,,,,,,,,,,,,,,,,,,,
dtmi:com:willowinc:Busway;1,SGT-1MW-BP-13-A,,,,,,,SGT-1MW-BD-06-A,,,,,,,,,,,,,,,,,,f90d58eb-26f3-4b9c-a07a-5e875cd817cf,Electrical,,00600000-0000-0000-0000-000000917092,,,Bus Plug BP-13-A,BP-13-A,,SavoT-ffd9-462a-882b-16b4a63b2a8a,,,,,,,,,,,,,,,,,,,,,,,,,
dtmi:com:willowinc:Busway;1,SGT-1MW-BP-13-B,,,,,,,SGT-1MW-BD-06-A,,,,,,,,,,,,,,,,,,f90d58eb-26f3-4b9c-a07a-5e875cd817ce,Electrical,,00600000-0000-0000-0000-000000917155,,,Bus Plug BP-13-B,BP-13-B,,SavoT-ffd9-462a-882b-16b4a63b2a8a,,,,,,,,,,,,,,,,,,,,,,,,,
dtmi:com:willowinc:Busway;1,SGT-1MW-BP-14-B,,,,,,,SGT-1MW-BD-06-A,,,,,,,,,,,,,,,,,,f90d58eb-26f3-4b9c-a07a-5e875cd817f9,Electrical,,00600000-0000-0000-0000-000000917156,,,Bus Plug BP-14-B,BP-14-B,,SavoT-ffd9-462a-882b-16b4a63b2a8a,,,,,,,,,,,,,,,,,,,,,,,,,
dtmi:com:willowinc:Busway;1,SGT-1MW-BP-15-A,,,,,,,SGT-1MW-BD-06-A,,,,,,,,,,,,,,,,,,f90d58eb-26f3-4b9c-a07a-5e875cd817e5,Electrical,,00600000-0000-0000-0000-000000917094,,,Bus Plug BP-15-A,BP-15-A,,SavoT-ffd9-462a-882b-16b4a63b2a8a,,,,,,,,,,,,,,,,,,,,,,,,,
dtmi:com:willowinc:Busway;1,SGT-1MW-BP-15-B,,,,,,,SGT-1MW-BD-06-A,,,,,,,,,,,,,,,,,,f90d58eb-26f3-4b9c-a07a-5e875cd817e4,Electrical,,00600000-0000-0000-0000-000000917157,,,Bus Plug BP-15-B,BP-15-B,,SavoT-ffd9-462a-882b-16b4a63b2a8a,,,,,,,,,,,,,,,,,,,,,,,,,
dtmi:com:willowinc:Busway;1,SGT-1MW-BP-16-A,,,,,,,SGT-1MW-BD-06-A,,,,,,,,,,,,,,,,,,f90d58eb-26f3-4b9c-a07a-5e875cd81610,Electrical,,00600000-0000-0000-0000-000000917095,,,Bus Plug BP-16-A,BP-16-A,,SavoT-ffd9-462a-882b-16b4a63b2a8a,,,,,,,,,,,,,,,,,,,,,,,,,
dtmi:com:willowinc:Busway;1,SGT-1MW-BP-16-B,,,,,,,SGT-1MW-BD-06-A,,,,,,,,,,,,,,,,,,f90d58eb-26f3-4b9c-a07a-5e875cd81617,Electrical,,00600000-0000-0000-0000-000000917158,,,Bus Plug BP-16-B,BP-16-B,,SavoT-ffd9-462a-882b-16b4a63b2a8a,,,,,,,,,,,,,,,,,,,,,,,,,
dtmi:com:willowinc:Busway;1,SGT-1MW-BP-17-B,,,,,,,SGT-1MW-BD-06-A,,,,,,,,,,,,,,,,,,f90d58eb-26f3-4b9c-a07a-5e875cd81600,Electrical,,00600000-0000-0000-0000-000000917159,,,Bus Plug BP-17-B,BP-17-B,,SavoT-ffd9-462a-882b-16b4a63b2a8a,,,,,,,,,,,,,,,,,,,,,,,,,
dtmi:com:willowinc:Busway;1,SGT-1MW-BP-18-A,,,,,,,SGT-1MW-BD-06-A,,,,,,,,,,,,,,,,,,f90d58eb-26f3-4b9c-a07a-5e875cd8160c,Electrical,,00600000-0000-0000-0000-000000917097,,,Bus Plug BP-18-A,BP-18-A,,SavoT-ffd9-462a-882b-16b4a63b2a8a,,,,,,,,,,,,,,,,,,,,,,,,,
dtmi:com:willowinc:Busway;1,SGT-1MW-BP-18-B,,,,,,,SGT-1MW-BD-06-A,,,,,,,,,,,,,,,,,,f90d58eb-26f3-4b9c-a07a-5e875cd81633,Electrical,,00600000-0000-0000-0000-000000917160,,,Bus Plug BP-18-B,BP-18-B,,SavoT-ffd9-462a-882b-16b4a63b2a8a,,,,,,,,,,,,,,,,,,,,,,,,,
dtmi:com:willowinc:Busway;1,SGT-1MW-BP-19-B,,,,,,,SGT-1MW-BD-06-A,,,,,,,,,,,,,,,,,,f90d58eb-26f3-4b9c-a07a-5e875cd8163e,Electrical,,00600000-0000-0000-0000-000000917161,,,Bus Plug BP-19-B,BP-19-B,,SavoT-ffd9-462a-882b-16b4a63b2a8a,,,,,,,,,,,,,,,,,,,,,,,,,
dtmi:com:willowinc:Busway;1,SGT-1MW-BP-20-A,,,,,,,SGT-1MW-BD-06-A,,,,,,,,,,,,,,,,,,f90d58eb-26f3-4b9c-a07a-5e875cd8162a,Electrical,,00600000-0000-0000-0000-000000917099,,,Bus Plug BP-20-A,BP-20-A,,SavoT-ffd9-462a-882b-16b4a63b2a8a,,,,,,,,,,,,,,,,,,,,,,,,,
dtmi:com:willowinc:Busway;1,SGT-1MW-BP-21-A,,,,,,,SGT-1MW-BD-06-A,,,,,,,,,,,,,,,,,,f90d58eb-26f3-4b9c-a07a-5e875cd81655,Electrical,,00600000-0000-0000-0000-000000917100,,,Bus Plug BP-21-A,BP-21-A,,SavoT-ffd9-462a-882b-16b4a63b2a8a,,,,,,,,,,,,,,,,,,,,,,,,,
dtmi:com:willowinc:Busway;1,SGT-1MW-BP-21-B,,,,,,,SGT-1MW-BD-06-A,,,,,,,,,,,,,,,,,,f90d58eb-26f3-4b9c-a07a-5e875cd81654,Electrical,,00600000-0000-0000-0000-000000917163,,,Bus Plug BP-21-B,BP-21-B,,SavoT-ffd9-462a-882b-16b4a63b2a8a,,,,,,,,,,,,,,,,,,,,,,,,,
dtmi:com:willowinc:Busway;1,SGT-1MW-BP-22-B,,,,,,,SGT-1MW-BD-06-A,,,,,,,,,,,,,,,,,,f90d58eb-26f3-4b9c-a07a-5e875cd81647,Electrical,,00600000-0000-0000-0000-000000917164,,,Bus Plug BP-22-B,BP-22-B,,SavoT-ffd9-462a-882b-16b4a63b2a8a,,,,,,,,,,,,,,,,,,,,,,,,,
dtmi:com:willowinc:Busway;1,SGT-1MW-BP-23-B,,,,,,,SGT-1MW-BD-06-A,,,,,,,,,,,,,,,,,,f90d58eb-26f3-4b9c-a07a-5e875cd81672,Electrical,,00600000-0000-0000-0000-000000917165,,,Bus Plug BP-23-B,BP-23-B,,SavoT-ffd9-462a-882b-16b4a63b2a8a,,,,,,,,,,,,,,,,,,,,,,,,,
dtmi:com:willowinc:Busway;1,SGT-1MW-BP-24-A,,,,,,,SGT-1MW-BD-06-A,,,,,,,,,,,,,,,,,,f90d58eb-26f3-4b9c-a07a-5e875cd8167e,Electrical,,00600000-0000-0000-0000-000000917103,,,Bus Plug BP-24-A,BP-24-A,,SavoT-ffd9-462a-882b-16b4a63b2a8a,,,,,,,,,,,,,,,,,,,,,,,,,
dtmi:com:willowinc:Busway;1,SGT-1MW-BP-24-B,,,,,,,SGT-1MW-BD-06-A,,,,,,,,,,,,,,,,,,f90d58eb-26f3-4b9c-a07a-5e875cd8167d,Electrical,,00600000-0000-0000-0000-000000917166,,,Bus Plug BP-24-B,BP-24-B,,SavoT-ffd9-462a-882b-16b4a63b2a8a,,,,,,,,,,,,,,,,,,,,,,,,,
dtmi:com:willowinc:Busway;1,SGT-1MW-BP-25-A,,,,,,,SGT-1MW-BD-06-A,,,,,,,,,,,,,,,,,,f90d58eb-26f3-4b9c-a07a-5e875cd81669,Electrical,,00600000-0000-0000-0000-000000917104,,,Bus Plug BP-25-A,BP-25-A,,SavoT-ffd9-462a-882b-16b4a63b2a8a,,,,,,,,,,,,,,,,,,,,,,,,,
dtmi:com:willowinc:Busway;1,SGT-1MW-BP-25-B,,,,,,,SGT-1MW-BD-06-A,,,,,,,,,,,,,,,,,,f90d58eb-26f3-4b9c-a07a-5e875cd81668,Electrical,,00600000-0000-0000-0000-000000917167,,,Bus Plug BP-25-B,BP-25-B,,SavoT-ffd9-462a-882b-16b4a63b2a8a,,,,,,,,,,,,,,,,,,,,,,,,,
dtmi:com:willowinc:Busway;1,SGT-1MW-BP-26-A,,,,,,,SGT-1MW-BD-06-A,,,,,,,,,,,,,,,,,,f90d58eb-26f3-4b9c-a07a-5e875cd81694,Electrical,,00600000-0000-0000-0000-000000917105,,,Bus Plug BP-26-A,BP-26-A,,SavoT-ffd9-462a-882b-16b4a63b2a8a,,,,,,,,,,,,,,,,,,,,,,,,,
dtmi:com:willowinc:Busway;1,SGT-1MW-BP-27-A,,,,,,,SGT-1MW-BD-06-A,,,,,,,,,,,,,,,,,,f90d58eb-26f3-4b9c-a07a-5e875cd81687,Electrical,,00600000-0000-0000-0000-000000917106,,,Bus Plug BP-27-A,BP-27-A,,SavoT-ffd9-462a-882b-16b4a63b2a8a,,,,,,,,,,,,,,,,,,,,,,,,,
dtmi:com:willowinc:Busway;1,SGT-1MW-BP-28-A,,,,,,,SGT-1MW-BD-06-A,,,,,,,,,,,,,,,,,,f90d58eb-26f3-4b9c-a07a-5e875cd816c8,Electrical,,00600000-0000-0000-0000-000000917107,,,Bus Plug BP-28-A,BP-28-A,,SavoT-ffd9-462a-882b-16b4a63b2a8a,,,,,,,,,,,,,,,,,,,,,,,,,
dtmi:com:willowinc:Busway;1,SGT-1MW-BP-28-B,,,,,,,SGT-1MW-BD-06-A,,,,,,,,,,,,,,,,,,f90d58eb-26f3-4b9c-a07a-5e875cd816cf,Electrical,,00600000-0000-0000-0000-000000917170,,,Bus Plug BP-28-B,BP-28-B,,SavoT-ffd9-462a-882b-16b4a63b2a8a,,,,,,,,,,,,,,,,,,,,,,,,,
dtmi:com:willowinc:Busway;1,SGT-1MW-BP-29-A,,,,,,,SGT-1MW-BD-06-A,,,,,,,,,,,,,,,,,,f90d58eb-26f3-4b9c-a07a-5e875cd816fb,Electrical,,00600000-0000-0000-0000-000000917108,,,Bus Plug BP-29-A,BP-29-A,,SavoT-ffd9-462a-882b-16b4a63b2a8a,,,,,,,,,,,,,,,,,,,,,,,,,
dtmi:com:willowinc:Busway;1,SGT-1MW-BP-30-A,,,,,,,SGT-1MW-BD-06-A,,,,,,,,,,,,,,,,,,8c8426ec-0572-4394-8507-f45505d93633,Electrical,,00600000-0000-0000-0000-000000917109,,,Bus Plug BP-30-A,BP-30-A,,SavoT-ffd9-462a-882b-16b4a63b2a8a,,,,,,,,,,,,,,,,,,,,,,,,,
dtmi:com:willowinc:Busway;1,SGT-1MW-BP-31-A,,,,,,,SGT-1MW-BD-06-A,,,,,,,,,,,,,,,,,,fc85ed66-2d67-469a-b891-60147036b933,Electrical,,00600000-0000-0000-0000-000000917110,,,Bus Plug BP-31-A,BP-31-A,,SavoT-ffd9-462a-882b-16b4a63b2a8a,,,,,,,,,,,,,,,,,,,,,,,,,
dtmi:com:willowinc:Busway;1,SGT-1MW-BP-32-A,,,,,,,SGT-1MW-BD-06-A,,,,,,,,,,,,,,,,,,fc85ed66-2d67-469a-b891-60147036b97f,Electrical,,00600000-0000-0000-0000-000000917111,,,Bus Plug BP-32-A,BP-32-A,,SavoT-ffd9-462a-882b-16b4a63b2a8a,,,,,,,,,,,,,,,,,,,,,,,,,
dtmi:com:willowinc:Busway;1,SGT-1MW-BP-32-B,,,,,,,SGT-1MW-BD-06-A,,,,,,,,,,,,,,,,,,fc85ed66-2d67-469a-b891-60147036b97e,Electrical,,00600000-0000-0000-0000-000000917174,,,Bus Plug BP-32-B,BP-32-B,,SavoT-ffd9-462a-882b-16b4a63b2a8a,,,,,,,,,,,,,,,,,,,,,,,,,
dtmi:com:willowinc:Busway;1,SGT-1MW-BP-33-A,,,,,,,SGT-1MW-BD-06-A,,,,,,,,,,,,,,,,,,fc85ed66-2d67-469a-b891-60147036b899,Electrical,,00600000-0000-0000-0000-000000917112,,,Bus Plug BP-33-A,BP-33-A,,SavoT-ffd9-462a-882b-16b4a63b2a8a,,,,,,,,,,,,,,,,,,,,,,,,,
dtmi:com:willowinc:Busway;1,SGT-1MW-BP-33-B,,,,,,,SGT-1MW-BD-06-A,,,,,,,,,,,,,,,,,,fc85ed66-2d67-469a-b891-60147036b898,Electrical,,00600000-0000-0000-0000-000000917175,,,Bus Plug BP-33-B,BP-33-B,,SavoT-ffd9-462a-882b-16b4a63b2a8a,,,,,,,,,,,,,,,,,,,,,,,,,
dtmi:com:willowinc:Busway;1,SGT-1MW-BP-34-A,,,,,,,SGT-1MW-BD-06-A,,,,,,,,,,,,,,,,,,fc85ed66-2d67-469a-b891-60147036b8bb,Electrical,,00600000-0000-0000-0000-000000917113,,,Bus Plug BP-34-A,BP-34-A,,SavoT-ffd9-462a-882b-16b4a63b2a8a,,,,,,,,,,,,,,,,,,,,,,,,,
dtmi:com:willowinc:Busway;1,SGT-1MW-BP-34-B,,,,,,,SGT-1MW-BD-06-A,,,,,,,,,,,,,,,,,,fc85ed66-2d67-469a-b891-60147036b8ba,Electrical,,00600000-0000-0000-0000-000000917176,,,Bus Plug BP-34-B,BP-34-B,,SavoT-ffd9-462a-882b-16b4a63b2a8a,,,,,,,,,,,,,,,,,,,,,,,,,
dtmi:com:willowinc:Busway;1,SGT-1MW-BP-35-A,,,,,,,SGT-1MW-BD-06-A,,,,,,,,,,,,,,,,,,fc85ed66-2d67-469a-b891-60147036b8db,Electrical,,00600000-0000-0000-0000-000000917114,,,Bus Plug BP-35-A,BP-35-A,,SavoT-ffd9-462a-882b-16b4a63b2a8a,,,,,,,,,,,,,,,,,,,,,,,,,
dtmi:com:willowinc:Busway;1,SGT-1MW-BP-35-B,,,,,,,SGT-1MW-BD-06-A,,,,,,,,,,,,,,,,,,fc85ed66-2d67-469a-b891-60147036b8da,Electrical,,00600000-0000-0000-0000-000000917177,,,Bus Plug BP-35-B,BP-35-B,,SavoT-ffd9-462a-882b-16b4a63b2a8a,,,,,,,,,,,,,,,,,,,,,,,,,
dtmi:com:willowinc:Busway;1,SGT-1MW-BP-36-A,,,,,,,SGT-1MW-BD-06-A,,,,,,,,,,,,,,,,,,fc85ed66-2d67-469a-b891-60147036b8fb,Electrical,,00600000-0000-0000-0000-000000917115,,,Bus Plug BP-36-A,BP-36-A,,SavoT-ffd9-462a-882b-16b4a63b2a8a,,,,,,,,,,,,,,,,,,,,,,,,,
dtmi:com:willowinc:Busway;1,SGT-1MW-BP-36-B,,,,,,,SGT-1MW-BD-06-A,,,,,,,,,,,,,,,,,,fc85ed66-2d67-469a-b891-60147036b8fa,Electrical,,00600000-0000-0000-0000-000000917178,,,Bus Plug BP-36-B,BP-36-B,,SavoT-ffd9-462a-882b-16b4a63b2a8a,,,,,,,,,,,,,,,,,,,,,,,,,
dtmi:com:willowinc:Busway;1,SGT-1MW-BP-37-B,,,,,,,SGT-1MW-BD-06-A,,,,,,,,,,,,,,,,,,fc85ed66-2d67-469a-b891-60147036b81a,Electrical,,00600000-0000-0000-0000-000000917179,,,Bus Plug BP-37-B,BP-37-B,,SavoT-ffd9-462a-882b-16b4a63b2a8a,,,,,,,,,,,,,,,,,,,,,,,,,
dtmi:com:willowinc:Busway;1,SGT-1MW-BP-38-A,,,,,,,SGT-1MW-BD-06-A,,,,,,,,,,,,,,,,,,fc85ed66-2d67-469a-b891-60147036b835,Electrical,,00600000-0000-0000-0000-000000917117,,,Bus Plug BP-38-A,BP-38-A,,SavoT-ffd9-462a-882b-16b4a63b2a8a,,,,,,,,,,,,,,,,,,,,,,,,,
dtmi:com:willowinc:Busway;1,SGT-1MW-BP-38-B,,,,,,,SGT-1MW-BD-06-A,,,,,,,,,,,,,,,,,,fc85ed66-2d67-469a-b891-60147036b834,Electrical,,00600000-0000-0000-0000-000000917180,,,Bus Plug BP-38-B,BP-38-B,,SavoT-ffd9-462a-882b-16b4a63b2a8a,,,,,,,,,,,,,,,,,,,,,,,,,
dtmi:com:willowinc:Busway;1,SGT-1MW-BP-39-A,,,,,,,SGT-1MW-BD-06-A,,,,,,,,,,,,,,,,,,fc85ed66-2d67-469a-b891-60147036b855,Electrical,,00600000-0000-0000-0000-000000917118,,,Bus Plug BP-39-A,BP-39-A,,SavoT-ffd9-462a-882b-16b4a63b2a8a,,,,,,,,,,,,,,,,,,,,,,,,,
dtmi:com:willowinc:Busway;1,SGT-1MW-BP-40-B,,,,,,,SGT-1MW-BD-06-A,,,,,,,,,,,,,,,,,,fc85ed66-2d67-469a-b891-60147036b874,Electrical,,00600000-0000-0000-0000-000000917182,,,Bus Plug BP-40-B,BP-40-B,,SavoT-ffd9-462a-882b-16b4a63b2a8a,,,,,,,,,,,,,,,,,,,,,,,,,
dtmi:com:willowinc:Busway;1,SGT-1MW-BP-41-A,,,,,,,SGT-1MW-BD-06-A,,,,,,,,,,,,,,,,,,fc85ed66-2d67-469a-b891-60147036bb95,Electrical,,00600000-0000-0000-0000-000000917120,,,Bus Plug BP-41-A,BP-41-A,,SavoT-ffd9-462a-882b-16b4a63b2a8a,,,,,,,,,,,,,,,,,,,,,,,,,
dtmi:com:willowinc:Busway;1,SGT-1MW-BP-41-B,,,,,,,SGT-1MW-BD-06-A,,,,,,,,,,,,,,,,,,fc85ed66-2d67-469a-b891-60147036bb94,Electrical,,00600000-0000-0000-0000-000000917183,,,Bus Plug BP-41-B,BP-41-B,,SavoT-ffd9-462a-882b-16b4a63b2a8a,,,,,,,,,,,,,,,,,,,,,,,,,
dtmi:com:willowinc:Busway;1,SGT-1MW-BP-42-A,,,,,,,SGT-1MW-BD-06-A,,,,,,,,,,,,,,,,,,fc85ed66-2d67-469a-b891-60147036bb2b,Electrical,,00600000-0000-0000-0000-000000917121,,,Bus Plug BP-42-A,BP-42-A,,SavoT-ffd9-462a-882b-16b4a63b2a8a,,,,,,,,,,,,,,,,,,,,,,,,,
dtmi:com:willowinc:Busway;1,SGT-1MW-BP-42-B,,,,,,,SGT-1MW-BD-06-A,,,,,,,,,,,,,,,,,,fc85ed66-2d67-469a-b891-60147036bb2a,Electrical,,00600000-0000-0000-0000-000000917184,,,Bus Plug BP-42-B,BP-42-B,,SavoT-ffd9-462a-882b-16b4a63b2a8a,,,,,,,,,,,,,,,,,,,,,,,,,
dtmi:com:willowinc:Busway;1,SGT-1MW-BP-43-A,,,,,,,SGT-1MW-BD-06-A,,,,,,,,,,,,,,,,,,fc85ed66-2d67-469a-b891-60147036a548,Electrical,,00600000-0000-0000-0000-000000917122,,,Bus Plug BP-43-A,BP-43-A,,SavoT-ffd9-462a-882b-16b4a63b2a8a,,,,,,,,,,,,,,,,,,,,,,,,,
dtmi:com:willowinc:Busway;1,SGT-1MW-BP-43-B,,,,,,,SGT-1MW-BD-06-A,,,,,,,,,,,,,,,,,,fc85ed66-2d67-469a-b891-60147036a54b,Electrical,,00600000-0000-0000-0000-000000917185,,,Bus Plug BP-43-B,BP-43-B,,SavoT-ffd9-462a-882b-16b4a63b2a8a,,,,,,,,,,,,,,,,,,,,,,,,,
dtmi:com:willowinc:Busway;1,SGT-1MW-BP-44-B,,,,,,,SGT-1MW-BD-06-A,,,,,,,,,,,,,,,,,,fc85ed66-2d67-469a-b891-60147036a56b,Electrical,,00600000-0000-0000-0000-000000917186,,,Bus Plug BP-44-B,BP-44-B,,SavoT-ffd9-462a-882b-16b4a63b2a8a,,,,,,,,,,,,,,,,,,,,,,,,,
dtmi:com:willowinc:Busway;1,SGT-1MW-BP-45-B,,,,,,,SGT-1MW-BD-06-A,,,,,,,,,,,,,,,,,,fc85ed66-2d67-469a-b891-60147036a485,Electrical,,00600000-0000-0000-0000-000000917187,,,Bus Plug BP-45-B,BP-45-B,,SavoT-ffd9-462a-882b-16b4a63b2a8a,,,,,,,,,,,,,,,,,,,,,,,,,
dtmi:com:willowinc:Busway;1,SGT-1MW-BP-46-A,,,,,,,SGT-1MW-BD-06-A,,,,,,,,,,,,,,,,,,fc85ed66-2d67-469a-b891-60147036a4aa,Electrical,,00600000-0000-0000-0000-000000917125,,,Bus Plug BP-46-A,BP-46-A,,SavoT-ffd9-462a-882b-16b4a63b2a8a,,,,,,,,,,,,,,,,,,,,,,,,,
dtmi:com:willowinc:Busway;1,SGT-1MW-BP-46-B,,,,,,,SGT-1MW-BD-06-A,,,,,,,,,,,,,,,,,,fc85ed66-2d67-469a-b891-60147036a4a5,Electrical,,00600000-0000-0000-0000-000000917188,,,Bus Plug BP-46-B,BP-46-B,,SavoT-ffd9-462a-882b-16b4a63b2a8a,,,,,,,,,,,,,,,,,,,,,,,,,
dtmi:com:willowinc:Busway;1,SGT-1MW-BP-47-A,,,,,,,SGT-1MW-BD-06-A,,,,,,,,,,,,,,,,,,fc85ed66-2d67-469a-b891-60147036a4ca,Electrical,,00600000-0000-0000-0000-000000917126,,,Bus Plug BP-47-A,BP-47-A,,SavoT-ffd9-462a-882b-16b4a63b2a8a,,,,,,,,,,,,,,,,,,,,,,,,,
dtmi:com:willowinc:Busway;1,SGT-1MW-BP-47-B,,,,,,,SGT-1MW-BD-06-A,,,,,,,,,,,,,,,,,,fc85ed66-2d67-469a-b891-60147036a4c5,Electrical,,00600000-0000-0000-0000-000000917189,,,Bus Plug BP-47-B,BP-47-B,,SavoT-ffd9-462a-882b-16b4a63b2a8a,,,,,,,,,,,,,,,,,,,,,,,,,
dtmi:com:willowinc:Busway;1,SGT-1MW-BP-48-B,,,,,,,SGT-1MW-BD-06-A,,,,,,,,,,,,,,,,,,fc85ed66-2d67-469a-b891-60147036a4e7,Electrical,,00600000-0000-0000-0000-000000917190,,,Bus Plug BP-48-B,BP-48-B,,SavoT-ffd9-462a-882b-16b4a63b2a8a,,,,,,,,,,,,,,,,,,,,,,,,,
dtmi:com:willowinc:Busway;1,SGT-1MW-BP-51-A,,,,,,,SGT-1MW-BD-06-A,,,,,,,,,,,,,,,,,,fc85ed66-2d67-469a-b891-60147036a446,Electrical,,00600000-0000-0000-0000-000000917130,,,Bus Plug BP-51-A,BP-51-A,,SavoT-ffd9-462a-882b-16b4a63b2a8a,,,,,,,,,,,,,,,,,,,,,,,,,
dtmi:com:willowinc:Busway;1,SGT-1MW-BP-51-B,,,,,,,SGT-1MW-BD-06-A,,,,,,,,,,,,,,,,,,fc85ed66-2d67-469a-b891-60147036a441,Electrical,,00600000-0000-0000-0000-000000917193,,,Bus Plug BP-51-B,BP-51-B,,SavoT-ffd9-462a-882b-16b4a63b2a8a,,,,,,,,,,,,,,,,,,,,,,,,,
dtmi:com:willowinc:Busway;1,SGT-1MW-BP-52-A,,,,,,,SGT-1MW-BD-06-A,,,,,,,,,,,,,,,,,,fc85ed66-2d67-469a-b891-60147036a466,Electrical,,00600000-0000-0000-0000-000000917131,,,Bus Plug BP-52-A,BP-52-A,,SavoT-ffd9-462a-882b-16b4a63b2a8a,,,,,,,,,,,,,,,,,,,,,,,,,
dtmi:com:willowinc:Busway;1,SGT-1MW-BP-52-B,,,,,,,SGT-1MW-BD-06-A,,,,,,,,,,,,,,,,,,fc85ed66-2d67-469a-b891-60147036a461,Electrical,,00600000-0000-0000-0000-000000917194,,,Bus Plug BP-52-B,BP-52-B,,SavoT-ffd9-462a-882b-16b4a63b2a8a,,,,,,,,,,,,,,,,,,,,,,,,,
dtmi:com:willowinc:Busway;1,SGT-1MW-BP-53-A,,,,,,,SGT-1MW-BD-06-A,,,,,,,,,,,,,,,,,,fc85ed66-2d67-469a-b891-60147036a786,Electrical,,00600000-0000-0000-0000-000000917132,,,Bus Plug BP-53-A,BP-53-A,,SavoT-ffd9-462a-882b-16b4a63b2a8a,,,,,,,,,,,,,,,,,,,,,,,,,
dtmi:com:willowinc:Busway;1,SGT-1MW-BP-53-B,,,,,,,SGT-1MW-BD-06-A,,,,,,,,,,,,,,,,,,fc85ed66-2d67-469a-b891-60147036a781,Electrical,,00600000-0000-0000-0000-000000917195,,,Bus Plug BP-53-B,BP-53-B,,SavoT-ffd9-462a-882b-16b4a63b2a8a,,,,,,,,,,,,,,,,,,,,,,,,,
dtmi:com:willowinc:Busway;1,SGT-1MW-BP-54-B,,,,,,,SGT-1MW-BD-06-A,,,,,,,,,,,,,,,,,,fc85ed66-2d67-469a-b891-60147036a7a1,Electrical,,00600000-0000-0000-0000-000000917196,,,Bus Plug BP-54-B,BP-54-B,,SavoT-ffd9-462a-882b-16b4a63b2a8a,,,,,,,,,,,,,,,,,,,,,,,,,
dtmi:com:willowinc:Busway;1,SGT-1MW-BP-55-A,,,,,,,SGT-1MW-BD-06-A,,,,,,,,,,,,,,,,,,31854486-c0b7-4e7b-a86c-7086f23b90f0,Electrical,,00600000-0000-0000-0000-000000917134,,,Bus Plug BP-55-A,BP-55-A,,SavoT-ffd9-462a-882b-16b4a63b2a8a,,,,,,,,,,,,,,,,,,,,,,,,,
dtmi:com:willowinc:Busway;1,SGT-1MW-BP-55-A-COGEN,,,,,,,SGT-1MW-BD-06-A,,,,,,,,,,,,,,,,,,8d3fe36e-70c8-478e-ad6f-3b8a26db7c2f,Electrical,,00600000-0000-0000-0000-000000917135,,,Bus Plug BP-55-A-COGEN,BP-55-A-COGEN,,SavoT-ffd9-462a-882b-16b4a63b2a8a,,,,,,,,,,,,,,,,,,,,,,,,,
dtmi:com:willowinc:Busway;1,SGT-1MW-BP-55-B,,,,,,,SGT-1MW-BD-06-A,,,,,,,,,,,,,,,,,,31854486-c0b7-4e7b-a86c-7086f23b90f1,Electrical,,00600000-0000-0000-0000-000000917197,,,Bus Plug BP-55-B,BP-55-B,,SavoT-ffd9-462a-882b-16b4a63b2a8a,,,,,,,,,,,,,,,,,,,,,,,,,
dtmi:com:willowinc:Busway;1,SGT-1MW-BP-55-B-COGEN,,,,,,,SGT-1MW-BD-06-A,,,,,,,,,,,,,,,,,,8d3fe36e-70c8-478e-ad6f-3b8a26db7c20,Electrical,,00600000-0000-0000-0000-000000917198,,,Bus Plug BP-55-B-COGEN,BP-55-B-COGEN,,SavoT-ffd9-462a-882b-16b4a63b2a8a,,,,,,,,,,,,,,,,,,,,,,,,,
dtmi:com:willowinc:Busway;1,SGT-1MW-BP-56-A,,,,,,,SGT-1MW-BD-06-A,,,,,,,,,,,,,,,,,,8d3fe36e-70c8-478e-ad6f-3b8a26db036e,Electrical,,00600000-0000-0000-0000-000000917136,,,Bus Plug BP-56-A,BP-56-A,,SavoT-ffd9-462a-882b-16b4a63b2a8a,,,,,,,,,,,,,,,,,,,,,,,,,
dtmi:com:willowinc:Busway;1,SGT-1MW-BP-57-A,,,,,,,SGT-1MW-BD-06-A,,,,,,,,,,,,,,,,,,4c45c946-f638-4062-aa4e-649f36987dc3,Electrical,,00600000-0000-0000-0000-000000917137,,,Bus Plug BP-57-A,BP-57-A,,SavoT-ffd9-462a-882b-16b4a63b2a8a,,,,,,,,,,,,,,,,,,,,,,,,,
dtmi:com:willowinc:Busway;1,SGT-1MW-BP-57-B,,,,,,,SGT-1MW-BD-06-A,,,,,,,,,,,,,,,,,,4c45c946-f638-4062-aa4e-649f36987dc2,Electrical,,00600000-0000-0000-0000-000000917200,,,Bus Plug BP-57-B,BP-57-B,,SavoT-ffd9-462a-882b-16b4a63b2a8a,,,,,,,,,,,,,,,,,,,,,,,,,
dtmi:com:willowinc:Busway;1,SGT-1MW-BP-58-A,,,,,,,SGT-1MW-BD-06-A,,,,,,,,,,,,,,,,,,4c45c946-f638-4062-aa4e-649f36987337,Electrical,,00600000-0000-0000-0000-000000917138,,,Bus Plug BP-58-A,BP-58-A,,SavoT-ffd9-462a-882b-16b4a63b2a8a,,,,,,,,,,,,,,,,,,,,,,,,,
dtmi:com:willowinc:Busway;1,SGT-1MW-BP-58-B,,,,,,,SGT-1MW-BD-06-A,,,,,,,,,,,,,,,,,,4c45c946-f638-4062-aa4e-649f36987336,Electrical,,00600000-0000-0000-0000-000000917201,,,Bus Plug BP-58-B,BP-58-B,,SavoT-ffd9-462a-882b-16b4a63b2a8a,,,,,,,,,,,,,,,,,,,,,,,,,
dtmi:com:willowinc:Busway;1,SGT-1MW-BP-59-A,,,,,,,SGT-1MW-BD-06-A,,,,,,,,,,,,,,,,,,4c45c946-f638-4062-aa4e-649f369872ab,Electrical,,00600000-0000-0000-0000-000000917139,,,Bus Plug BP-59-A,BP-59-A,,SavoT-ffd9-462a-882b-16b4a63b2a8a,,,,,,,,,,,,,,,,,,,,,,,,,
dtmi:com:willowinc:Busway;1,SGT-1MW-BP-60-A,,,,,,,SGT-1MW-BD-06-A,,,,,,,,,,,,,,,,,,4c45c946-f638-4062-aa4e-649f3698701f,Electrical,,00600000-0000-0000-0000-000000917140,,,Bus Plug BP-60-A,BP-60-A,,SavoT-ffd9-462a-882b-16b4a63b2a8a,,,,,,,,,,,,,,,,,,,,,,,,,
dtmi:com:willowinc:Busway;1,SGT-1MW-BP-60-B,,,,,,,SGT-1MW-BD-06-A,,,,,,,,,,,,,,,,,,4c45c946-f638-4062-aa4e-649f3698701e,Electrical,,00600000-0000-0000-0000-000000917203,,,Bus Plug BP-60-B,BP-60-B,,SavoT-ffd9-462a-882b-16b4a63b2a8a,,,,,,,,,,,,,,,,,,,,,,,,,
dtmi:com:willowinc:Busway;1,SGT-1MW-BP-61-A,,,,,,,SGT-1MW-BD-06-A,,,,,,,,,,,,,,,,,,0c56eaba-91c8-491c-ad41-f65833512460,Electrical,,00600000-0000-0000-0000-000000917141,,,Bus Plug BP-61-A,BP-61-A,,SavoT-ffd9-462a-882b-16b4a63b2a8a,,,,,,,,,,,,,,,,,,,,,,,,,
dtmi:com:willowinc:Busway;1,SGT-1MW-BP-61-B,,,,,,,SGT-1MW-BD-06-A,,,,,,,,,,,,,,,,,,0c56eaba-91c8-491c-ad41-f65833512467,Electrical,,00600000-0000-0000-0000-000000917204,,,Bus Plug BP-61-B,BP-61-B,,SavoT-ffd9-462a-882b-16b4a63b2a8a,,,,,,,,,,,,,,,,,,,,,,,,,
dtmi:com:willowinc:Busway;1,SGT-1MW-BP-62-B,,,,,,,SGT-1MW-BD-06-A,,,,,,,,,,,,,,,,,,e654b326-95be-44ff-a5f3-508c9f7814c6,Electrical,,00600000-0000-0000-0000-000000917205,,,Bus Plug BP-62-B,BP-62-B,,SavoT-ffd9-462a-882b-16b4a63b2a8a,,,,,,,,,,,,,,,,,,,,,,,,,
dtmi:com:willowinc:Busway;1,SGT-1MW-BP-63-A,,,,,,,SGT-1MW-BD-06-A,,,,,,,,,,,,,,,,,,a4d17257-1698-4e4a-a78a-c3aef20fde54,Electrical,,00600000-0000-0000-0000-000000917143,,,Bus Plug BP-63-A,BP-63-A,,SavoT-ffd9-462a-882b-16b4a63b2a8a,,,,,,,,,,,,,,,,,,,,,,,,,
dtmi:com:willowinc:Busway;1,SGT-1MW-BP-64-A,,,,,,,SGT-1MW-BD-06-A,,,,,,,,,,,,,,,,,,c45c4ba9-ddf8-46fb-a617-9f47ead5f954,Electrical,,00600000-0000-0000-0000-000000917144,,,Bus Plug BP-64-A,BP-64-A,,SavoT-ffd9-462a-882b-16b4a63b2a8a,,,,,,,,,,,,,,,,,,,,,,,,,
dtmi:com:willowinc:Busway;1,SGT-1MW-BP-64-B,,,,,,,SGT-1MW-BD-06-A,,,,,,,,,,,,,,,,,,c45c4ba9-ddf8-46fb-a617-9f47ead5f955,Electrical,,00600000-0000-0000-0000-000000917207,,,Bus Plug BP-64-B,BP-64-B,,SavoT-ffd9-462a-882b-16b4a63b2a8a,,,,,,,,,,,,,,,,,,,,,,,,,
dtmi:com:willowinc:Busway;1,SGT-1MW-BP-66-A,,,,,,,SGT-1MW-BD-06-A,,,,,,,,,,,,,,,,,,0c56eaba-91c8-491c-ad41-f65833511c2d,Electrical,,00600000-0000-0000-0000-000000917146,,,Bus Plug BP-66-A,BP-66-A,,SavoT-ffd9-462a-882b-16b4a63b2a8a,,,,,,,,,,,,,,,,,,,,,,,,,
dtmi:com:willowinc:Busway;1,SGT-1MW-BP-67-A,,,,,,,SGT-1MW-BD-06-A,,,,,,,,,,,,,,,,,,31854486-c0b7-4e7b-a86c-7086f23ba483,Electrical,,00600000-0000-0000-0000-000000917147,,,Bus Plug BP-67-A,BP-67-A,,SavoT-ffd9-462a-882b-16b4a63b2a8a,,,,,,,,,,,,,,,,,,,,,,,,,
dtmi:com:willowinc:Busway;1,SGT-1MW-BP-67-B,,,,,,,SGT-1MW-BD-06-A,,,,,,,,,,,,,,,,,,31854486-c0b7-4e7b-a86c-7086f23ba48c,Electrical,,00600000-0000-0000-0000-000000917210,,,Bus Plug BP-67-B,BP-67-B,,SavoT-ffd9-462a-882b-16b4a63b2a8a,,,,,,,,,,,,,,,,,,,,,,,,,
dtmi:com:willowinc:Busway;1,SGT-1MW-CTB-05-A,,,,,,,SGT-1MW-BD-06-A,,,,,,,,,,,,,,,,,,73dd32fc-0822-5bff-881b-212b247fb42c,Electrical,,00600000-0000-0000-0000-000000916959,,,Cable Tap Box CTB-05-A,CTB-05-A,,SavoT-ffd9-462a-882b-16b4a63b2a8a,,,,,,,,,,,,,,,,,,,,,,,,,
dtmi:com:willowinc:Busway;1,SGT-1MW-CTB-05-B,,,,,,,SGT-1MW-BD-06-A,,,,,,,,,,,,,,,,,,b05ea830-06f8-558a-bca2-a4079114781b,Electrical,,00600000-0000-0000-0000-000000916960,,,Cable Tap Box CTB-05-B,CTB-05-B,,SavoT-ffd9-462a-882b-16b4a63b2a8a,,,,,,,,,,,,,,,,,,,,,,,,,
